﻿<?xml version="1.0" encoding="utf-8"?>
<Assemblies Version="805306377">
  <Assembly Name="System.IdentityModel, Version=3.0.0.0, Culture=neutral, PublicKeyToken=b77a5c561934e089" Image="caf698a7-4798-4e38-826d-5692946581b3" Timestamp="632977688400000000" />
  <Assembly Name="System.Runtime.Serialization, Version=3.0.0.0, Culture=neutral, PublicKeyToken=b77a5c561934e089" Image="2a8681b8-34f6-41ce-85ac-25b455426fa8" Timestamp="632977688400000000" />
  <Assembly Name="System.ServiceModel, Version=3.0.0.0, Culture=neutral, PublicKeyToken=b77a5c561934e089" Image="a611c17a-04ba-419f-b656-a22c153bd387" Timestamp="632977688400000000" />
  <Assembly Name="System.Web.Extensions, Version=1.0.61025.0, Culture=neutral, PublicKeyToken=31bf3856ad364e35" Image="ae28c1b8-a907-4072-9b1d-57f227889b42" Timestamp="633049053920000000" />
  <Assembly Name="SubSonic, Version=2.0.3.0, Culture=neutral, PublicKeyToken=eadb47849839a332" Image="ba8499e5-10c9-4e57-b9b9-898fb38a2a13" Timestamp="633300221178094611" />
  <Assembly Name="CSharpFormat, Version=2.5.2692.15975, Culture=neutral, PublicKeyToken=null" Image="8f8457bf-1da9-4d99-9987-2b8c50411c8b" Timestamp="633300221178251109" />
  <Assembly Name="FredCK.FCKeditorV2, Version=2.2.2106.29420, Culture=neutral, PublicKeyToken=4f86767c9b519a06" Image="a9bc085e-840d-44e1-87f0-22e3ce95e6e5" Timestamp="633300221179503093" />
  <Assembly Name="Intelligencia.UrlRewriter, Version=2.0.0.1, Culture=neutral, PublicKeyToken=0573f3650687980d" Image="f4c337c2-0f07-4aac-819e-8d29d70f2adf" Timestamp="633300221178564105" />
  <Assembly Name="Microsoft.Practices.EnterpriseLibrary.Common, Version=3.1.0.0, Culture=neutral, PublicKeyToken=b03f5f7f11d50a3a" Image="7b508787-4c06-4ee4-8a03-aebb7cf53ee2" Timestamp="633300221178720603" />
  <Assembly Name="Microsoft.Practices.EnterpriseLibrary.Data, Version=3.1.0.0, Culture=neutral, PublicKeyToken=b03f5f7f11d50a3a" Image="9975f53e-58ef-4dda-8c66-9a9574539668" Timestamp="633300221178877101" />
  <Assembly Name="Microsoft.Practices.ObjectBuilder, Version=1.0.51206.0, Culture=neutral, PublicKeyToken=b03f5f7f11d50a3a" Image="7120b2f8-da90-4612-b025-ed65511f65d9" Timestamp="633300221179190097" />
  <Assembly Name="MySql.Data, Version=5.0.7.0, Culture=neutral, PublicKeyToken=null" Image="b859d28a-9337-48ed-8261-abb899c7fec0" Timestamp="633300221179346595" />
  <Assembly Name="SubSonic.CMS, Version=1.0.0.0, Culture=neutral, PublicKeyToken=null" Image="c016b1a3-96f4-4500-844d-b66117817c66" Timestamp="633300221178094611" />
</Assemblies>